[
	{
		"Software": "Adobe Acrobat Reader",
		"ReleaseDate": "Jul 28, 2021",
		"UpdateLevel": "21.005.20060",
		"Version": "21",
		"focus": "Latest Release:[Win Only]This patch fixes specific functionality issues."
	},
	{
		"Software": "Apache HTTP Server",
		"UpdateLevel": "2.4.48",
		"Version": "2.4",
		"ReleaseDate": "2021-06-01"
	},
	{
		"Software": "Google Chrome",
		"UpdateLevel": "93.0.4577.63	",
		"Version": "93",
		"ReleaseDate": "August 31, 2021"
	},
	{
		"Software": "corretto-8",
		"UpdateLevel": "8.252.09.1.",
		"Version": "8",
		"description": "April 2020 update of security fixes for Corretto 8.",
		"ReleaseDate": "April 16, 2020"
	},
	{
		"Software": "Mozilla Firefox",
		"UpdateLevel": "91.0",
		"Version": "91",
		"ReleaseDate": "August 10, 2021",
		"product": "Firefox Release"
	},
	{
		"Software": "Jboss EAP",
		"UpdateLevel": "7.3",
		"Version": "7",
		"Release_Update": "Important: Red Hat JBoss Enterprise Application Platform 7.3 security update",
		"ReleaseDate": "18 Aug 2021"
	},
	{
		"Software": "Java",
		"ReleaseDate": "July 20, 2021",
		"UpdateLevel": "8u301-b09",
		"Version": "8"
	},
	{
		"Software": "Oracle Weblogic",
		"UpdateLevel": "14.1.1.0.210701",
		"Version": "14.1.1",
		"ReleaseDate": "July 2021",
		"Description": "July 2021 Patch Set Update (PSU) for WebLogic Server 14.1.1"
	},
	{
		"Software": "Oracle Weblogic",
		"UpdateLevel": "12.2.1.4.210629",
		"Version": "12.2.1.4",
		"ReleaseDate": "July 2021",
		"Description": "July 2021 Patch Set Update (PSU) for WebLogic Server 12.2.1.4"
	},
	{
		"Software": "Oracle Weblogic",
		"UpdateLevel": "12.2.1.3.210630",
		"Version": "12.2.1.3",
		"ReleaseDate": "July 2021",
		"Description": "July 2021 Patch Set Update (PSU) for WebLogic Server 12.2.1.3"
	},
	{
		"Software": "Oracle Weblogic",
		"UpdateLevel": "12.2.1.2.180717",
		"Version": "12.2.1.2",
		"ReleaseDate": "July 2018",
		"Description": "July 2018 Patch Set Update (PSU) for WebLogic Server 12.2.1.2\n\nJuly 2018 was the FINAL patch for 12.2.1.2"
	},
	{
		"Software": "Oracle Weblogic",
		"UpdateLevel": "12.2.1.1.171017",
		"Version": "12.2.1.1",
		"ReleaseDate": "October 2017",
		"Description": "October 2017 Patch Set Update (PSU) for WebLogic Server 12.2.1.1\n\nOctober 2017 was the FINAL patch for 12.2.1.1"
	},
	{
		"Software": "Oracle Weblogic",
		"UpdateLevel": "12.2.1.0.170418",
		"Version": "12.2.1.0",
		"ReleaseDate": "April 2017",
		"Description": "12.2.1.0.170418 Patch Set Update (PSU) for WebLogic Server 12.2.1.0\n\nApril 2017 was the FINAL patch for 12.2.1.0"
	},
	{
		"Software": "Oracle Weblogic",
		"UpdateLevel": "12.1.3.0.210720",
		"Version": "12.1.3.0",
		"ReleaseDate": "July 2021",
		"Description": "July 2021 Patch Set Update (PSU) for WebLogic Server 12.1.3.0"
	},
	{
		"Software": "Oracle Weblogic",
		"UpdateLevel": "12.1.2.0.160419",
		"Version": "12.1.2.0",
		"ReleaseDate": "April 2016",
		"Description": "12.1.2.0.160419 Patch Set Update (PSU) for WebLogic Server 12.1.2.0\n\nApril 2016 was the FINAL patch for 12.1.2.0"
	},
	{
		"Software": "Oracle Weblogic",
		"UpdateLevel": "12.1.1.0.12",
		"Version": "12.1.1",
		"ReleaseDate": "July 2015",
		"Description": "12.1.1.0.12 Patch Set Update (PSU) for WebLogic Server 12.1.1.0\n\nJuly 2015 was the FINAL patch for 12.1.1"
	},
	{
		"Software": "Oracle Weblogic",
		"UpdateLevel": "10.3.6.0.210720",
		"Version": "10.3.6.0",
		"ReleaseDate": "July 2021",
		"Description": "July 2021 Patch Set Update (PSU) for WebLogic Server 10.3.6.0"
	},
	{
		"Software": "Oracle Weblogic",
		"UpdateLevel": "10.3.5.0.7",
		"Version": "10.3.5",
		"ReleaseDate": "April 2013",
		"Description": "10.3.5.0.7 Patch Set Update (PSU) for WebLogic Server 10.3.5.0\n\nApril 2013 was the FINAL patch for 10.3.5"
	},
	{
		"Software": "Oracle Weblogic",
		"UpdateLevel": "10.3.4.0.5",
		"Version": "10.3.4",
		"ReleaseDate": "April 2012",
		"Description": "10.3.4.0.5 Patch Set Update (PSU) for WebLogic Server 10.3.4.0\n\nApril 2012 was the FINAL patch for 10.3.4"
	},
	{
		"Software": "WildFly",
		"UpdateLevel": "24.0.1",
		"Version": "24",
		"ReleaseDate": "Jul 27, 2021"
	}
]